"Index","earning_a","earning_u","gnp_a","pricedef_a","unemp_a","earningdefl_a"
"1939-01-01",0.49,0.49,NA,NA,NA,NA
"1939-04-01",0.49,0.49,NA,NA,NA,NA
"1939-07-01",0.486666666666667,0.486666666666667,NA,NA,NA,NA
"1939-10-01",0.493333333333333,0.49,NA,NA,NA,NA
"1940-01-01",0.516666666666667,0.516666666666667,NA,NA,NA,NA
"1940-04-01",0.52,0.52,NA,NA,NA,NA
"1940-07-01",0.52,0.523333333333333,NA,NA,NA,NA
"1940-10-01",0.533333333333333,0.53,NA,NA,NA,NA
"1941-01-01",0.546666666666667,0.55,NA,NA,NA,NA
"1941-04-01",0.566666666666667,0.566666666666667,NA,NA,NA,NA
"1941-07-01",0.606666666666667,0.606666666666667,NA,NA,NA,NA
"1941-10-01",0.63,0.623333333333333,NA,NA,NA,NA
"1942-01-01",0.663333333333333,0.663333333333333,NA,NA,NA,NA
"1942-04-01",0.69,0.696666666666667,NA,NA,NA,NA
"1942-07-01",0.733333333333333,0.73,NA,NA,NA,NA
"1942-10-01",0.776666666666667,0.773333333333333,NA,NA,NA,NA
"1943-01-01",0.8,0.8,NA,NA,NA,NA
"1943-04-01",0.83,0.83,NA,NA,NA,NA
"1943-07-01",0.853333333333333,0.853333333333333,NA,NA,NA,NA
"1943-10-01",0.88,0.876666666666667,NA,NA,NA,NA
"1944-01-01",0.893333333333333,0.893333333333333,NA,NA,NA,NA
"1944-04-01",0.903333333333333,0.903333333333333,NA,NA,NA,NA
"1944-07-01",0.91,0.91,NA,NA,NA,NA
"1944-10-01",0.916666666666667,0.916666666666667,NA,NA,NA,NA
"1945-01-01",0.926666666666667,0.926666666666667,NA,NA,NA,NA
"1945-04-01",0.93,0.93,NA,NA,NA,NA
"1945-07-01",0.92,0.92,NA,NA,NA,NA
"1945-10-01",0.866666666666667,0.866666666666667,NA,NA,NA,NA
"1946-01-01",0.853333333333333,0.853333333333333,NA,NA,NA,NA
"1946-04-01",0.886666666666667,0.886666666666667,NA,NA,NA,NA
"1946-07-01",0.943333333333333,0.946666666666667,NA,NA,NA,NA
"1946-10-01",0.99,0.993333333333333,NA,NA,NA,NA
"1947-01-01",1.02333333333333,1.02,2046.02,11.933,NA,8.57565853794799
"1947-04-01",1.05333333333333,1.05333333333333,2041.114,12.104,NA,8.70235734743336
"1947-07-01",1.09333333333333,1.09333333333333,2036.864,12.309,NA,8.88238957944052
"1947-10-01",1.11666666666667,1.12,2069.176,12.613,NA,8.85329950580089
"1948-01-01",1.15333333333333,1.15333333333333,2101.218,12.713,3,9.0720784498807
"1948-04-01",1.16333333333333,1.16333333333333,2136.364,12.828,3.43333333333333,9.06870387693587
"1948-07-01",1.19333333333333,1.19333333333333,2148.601,13.063,3.2,9.13521651483835
"1948-10-01",1.24,1.23333333333333,2150.979,13.103,3.4,9.46348164542471
"1949-01-01",1.26,1.25666666666667,2120.94,13.033,3.6,9.66776643903936
"1949-04-01",1.25666666666667,1.26,2113.381,12.903,4.43333333333333,9.739337105066
"1949-07-01",1.25666666666667,1.25666666666667,2134.701,12.843,5.76666666666667,9.7848373952088
"1949-10-01",1.24666666666667,1.24,2115.784,12.844,6.5,9.7062182082425
"1950-01-01",1.25333333333333,1.25666666666667,2199.226,12.825,5.9,9.772579597141
"1950-04-01",1.27666666666667,1.28,2266.641,12.869,5.56666666666667,9.92048074183438
"1950-07-01",1.30333333333333,1.30666666666667,2356.006,13.148,4.83333333333333,9.91278774972112
"1950-10-01",1.34,1.33666666666667,2400.8,13.394,3.9,10.0044796177393
"1951-01-01",1.38666666666667,1.39,2432.613,13.875,3.66666666666667,9.993993993994
"1951-04-01",1.42,1.42666666666667,2476.905,13.968,2.96666666666667,10.1660939289805
"1951-07-01",1.44666666666667,1.44666666666667,2528.301,13.977,2.76666666666667,10.3503374591591
"1951-10-01",1.46333333333333,1.46,2534.773,14.137,3,10.3510881610903
"1952-01-01",1.48666666666667,1.49333333333333,2560.685,14.13,2.86666666666667,10.5213493748526
"1952-04-01",1.50333333333333,1.51333333333333,2566.259,14.147,2.66666666666667,10.6265168115737
"1952-07-01",1.50666666666667,1.51,2584.373,14.305,2.66666666666667,10.5324478620529
"1952-10-01",1.54666666666667,1.54333333333333,2668.419,14.344,2.76666666666667,10.7826733593605
"1953-01-01",1.58333333333333,1.59,2717.467,14.347,2.43333333333333,11.0359889407774
"1953-04-01",1.61333333333333,1.61333333333333,2739.305,14.376,2.33333333333333,11.2224077165646
"1953-07-01",1.63,1.62666666666667,2722.219,14.436,2.26666666666667,11.2912164034359
"1953-10-01",1.64666666666667,1.64,2681.277,14.463,2.53333333333333,11.3853741731775
"1954-01-01",1.65,1.66,2669.682,14.509,3.86666666666667,11.3722517058378
"1954-04-01",1.65,1.65666666666667,2672.491,14.523,5,11.3612889898781
"1954-07-01",1.66666666666667,1.66333333333333,2702.702,14.542,5.33333333333333,11.4610553339752
"1954-10-01",1.66333333333333,1.65666666666667,2757.292,14.582,5.46666666666667,11.4067571892287
"1955-01-01",1.68333333333333,1.69,2835.923,14.651,4.66666666666667,11.4895456510363
"1955-04-01",1.70666666666667,1.71,2881.465,14.712,4.23333333333333,11.6005075222041
"1955-07-01",1.73666666666667,1.73666666666667,2920.33,14.816,3.73333333333333,11.721562275018
"1955-10-01",1.76666666666667,1.75666666666667,2938.163,14.962,3.73333333333333,11.8076905939491
"1956-01-01",1.78,1.78666666666667,2928.881,15.111,3.66666666666667,11.7794983786645
"1956-04-01",1.80333333333333,1.80666666666667,2952.705,15.201,3.53333333333333,11.8632546104423
"1956-07-01",1.82666666666667,1.82333333333333,2950.552,15.391,3.83333333333333,11.8684079440366
"1956-10-01",1.86666666666667,1.85333333333333,2996.248,15.453,3.5,12.0796393364827
"1957-01-01",1.89666666666667,1.90333333333333,3018.576,15.665,3.73333333333333,12.1076710288329
"1957-04-01",1.91333333333333,1.91666666666667,3013.634,15.775,3.36666666666667,12.1288959323825
"1957-07-01",1.92333333333333,1.92666666666667,3041.953,15.869,3.63333333333333,12.1200663767933
"1957-10-01",1.95,1.93666666666667,3006.169,15.881,3.86666666666667,12.2788237516529
"1958-01-01",1.95333333333333,1.96,2929.045,16.052,4.8,12.1687847827893
"1958-04-01",1.95666666666667,1.96,2948.476,16.099,6.26666666666667,12.153964014328
"1958-07-01",1.97666666666667,1.97666666666667,3015.645,16.197,6.8,12.2039060731411
"1958-10-01",2.00333333333333,1.98666666666667,3085.566,16.274,6.4,12.3100241694318
"1959-01-01",2.03666666666667,2.04333333333333,3144.385,16.312,5.5,12.4856956024195
"1959-04-01",2.06666666666667,2.06666666666667,3214.929,16.338,4.96666666666667,12.6494470967479
"1959-07-01",2.08666666666667,2.08666666666667,3218.557,16.401,4.46666666666667,12.7228014551958
"1959-10-01",2.07333333333333,2.05666666666667,3228.859,16.465,4.76666666666667,12.5923676485474
"1960-01-01",2.10333333333333,2.11333333333333,3300.197,16.532,4.8,12.7228002258247
"1960-04-01",2.14,2.14,3282.953,16.573,4.46666666666667,12.9125686357328
"1960-07-01",2.14,2.14,3299.784,16.63,4.7,12.8683102826218
"1960-10-01",2.15666666666667,2.14333333333333,3258.882,16.679,5.03333333333333,12.9304314807043
"1961-01-01",2.15666666666667,2.16333333333333,3282.018,16.715,5.7,12.9025825107189
"1961-04-01",2.16666666666667,2.17333333333333,3336.135,16.754,6.16666666666667,12.9322350881382
"1961-07-01",2.2,2.2,3400.249,16.798,6.3,13.0967972377664
"1961-10-01",2.21666666666667,2.2,3466.998,16.851,5.76666666666667,13.1545111071549
"1962-01-01",2.24,2.25333333333333,3528.263,16.938,5.2,13.2247018538198
"1962-04-01",2.26,2.26333333333333,3562.183,16.966,4.76666666666667,13.3207591653896
"1962-07-01",2.26666666666667,2.27,3605.884,17.002,4.8,13.3317648904051
"1962-10-01",2.28333333333333,2.26666666666667,3621.456,17.038,4.86666666666667,13.4014164416794
"1963-01-01",2.29333333333333,2.30666666666667,3659.288,17.112,4.93333333333333,13.4019011999377
"1963-04-01",2.31666666666667,2.32,3699.001,17.142,4.9,13.5145646171197
"1963-07-01",2.34,2.33666666666667,3780.236,17.165,4.76666666666667,13.6323914943198
"1963-10-01",2.35333333333333,2.33666666666667,3805.718,17.305,4.56666666666667,13.5991524607532
"1964-01-01",2.37666666666667,2.38333333333333,3887.879,17.359,4.73333333333333,13.6912648578067
"1964-04-01",2.38666666666667,2.38666666666667,3928.673,17.399,4.53333333333333,13.7172634442592
"1964-07-01",2.40666666666667,2.40333333333333,3990.488,17.469,4.23333333333333,13.7767855439159
"1964-10-01",2.42,2.41,4000.567,17.548,4.16666666666667,13.7907453840894
"1965-01-01",2.43666666666667,2.44666666666667,4100.549,17.637,3.96666666666667,13.8156526998167
"1965-04-01",2.46666666666667,2.47,4152.994,17.718,3.93333333333333,13.9218120931633
"1965-07-01",2.49,2.48666666666667,4242.267,17.787,3.63333333333333,13.9989880249621
"1965-10-01",2.51,2.5,4336.508,17.909,3.4,14.0152995700486
"1966-01-01",2.53,2.54,4442.347,18.025,3.2,14.0360610263523
"1966-04-01",2.56666666666667,2.56666666666667,4457.473,18.172,2.96666666666667,14.1242937853107
"1966-07-01",2.58666666666667,2.58666666666667,4494.311,18.348,2.93333333333333,14.0978126589637
"1966-10-01",2.62666666666667,2.61333333333333,4532.239,18.502,2.86666666666667,14.196663423774
"1967-01-01",2.64666666666667,2.65666666666667,4571.739,18.579,2.96666666666667,14.2454742809983
"1967-04-01",2.67333333333333,2.67333333333333,4573.684,18.673,3.03333333333333,14.3165711633553
"1967-07-01",2.69666666666667,2.69666666666667,4619.678,18.852,2.96666666666667,14.3044062522102
"1967-10-01",2.73333333333333,2.72,4653.35,19.062,3,14.3391739236876
"1968-01-01",2.77666666666667,2.79,4748.414,19.274,3,14.4062813462004
"1968-04-01",2.83666666666667,2.83666666666667,4827.866,19.477,2.86666666666667,14.5641868186408
"1968-07-01",2.88,2.88,4866.004,19.669,2.7,14.6423305709492
"1968-10-01",2.91666666666667,2.91,4884.762,19.946,2.63333333333333,14.6228149336542
"1969-01-01",2.97333333333333,2.98333333333333,4960.831,20.151,2.56666666666667,14.7552644202935
"1969-04-01",3.01333333333333,3.01333333333333,4974.574,20.407,2.6,14.7661750053086
"1969-07-01",3.05666666666667,3.05333333333333,5005.77,20.694,2.66666666666667,14.7707870236139
"1969-10-01",3.11666666666667,3.11,4981.491,20.961,2.83333333333333,14.8688834820222
"1970-01-01",3.15,3.16,4974.96,21.256,2.8,14.819345126082
"1970-04-01",3.18333333333333,3.18666666666667,4983.053,21.553,3.46666666666667,14.7697922949628
"1970-07-01",3.23666666666667,3.23333333333333,5028.206,21.73,3.93333333333333,14.894922534131
"1970-10-01",3.27,3.26333333333333,4971.917,22.017,4.26666666666667,14.8521596947813
"1971-01-01",3.31333333333333,3.33,5111.649,22.352,4.9,14.8234311620138
"1971-04-01",3.39666666666667,3.4,5141.055,22.646,4.9,14.9989696487974
"1971-07-01",3.44666666666667,3.44333333333333,5179.491,22.877,4.83333333333333,15.0660780113943
"1971-10-01",3.48666666666667,3.47666666666667,5193.447,23.068,4.9,15.1147332524132
"1972-01-01",3.53666666666667,3.55666666666667,5289.841,23.418,4.86666666666667,15.1023429270931
"1972-04-01",3.63,3.63333333333333,5408.498,23.564,4.6,15.4048548633509
"1972-07-01",3.68,3.67666666666667,5462.281,23.79,4.63333333333333,15.4686843211433
"1972-10-01",3.75333333333333,3.74333333333333,5552.854,24.094,4.5,15.5778755430121
"1973-01-01",3.82666666666667,3.84333333333333,5695.383,24.373,4.13333333333333,15.700433539846
"1973-04-01",3.88666666666667,3.88666666666667,5759.926,24.749,3.96666666666667,15.7043382224198
"1973-07-01",3.95333333333333,3.95,5737.956,25.23,3.83333333333333,15.6691769058
"1973-10-01",4.02666666666667,4.01666666666667,5792.293,25.734,3.73333333333333,15.647263024274
"1974-01-01",4.08666666666667,4.10333333333333,5752.963,26.217,3.93333333333333,15.5878501226939
"1974-04-01",4.14666666666667,4.14333333333333,5762.854,26.835,4.06666666666667,15.4524563691696
"1974-07-01",4.29333333333333,4.28333333333333,5703.217,27.621,4.16666666666667,15.5437288053776
"1974-10-01",4.42666666666667,4.41666666666667,5673.236,28.432,4.66666666666667,15.5693115738135
"1975-01-01",4.51666666666667,4.53666666666667,5596.695,29.08,6.06666666666667,15.5318661164603
"1975-04-01",4.61333333333333,4.60666666666667,5636.704,29.512,7.3,15.632059275323
"1975-07-01",4.68,4.67,5735.925,30.036,7.56666666666667,15.5813024370755
"1975-10-01",4.77666666666667,4.77,5821.383,30.539,7.2,15.6412019603349
"1976-01-01",4.86333333333333,4.88333333333333,5949.453,30.864,6.96666666666667,15.7573008467254
"1976-04-01",4.96666666666667,4.96333333333333,5994.821,31.177,6.43333333333333,15.9305470913387
"1976-07-01",5.07333333333333,5.06333333333333,6027.968,31.581,6.43333333333333,16.064511362317
"1976-10-01",5.18333333333333,5.18333333333333,6072.616,32.147,6.5,16.123847741106
"1977-01-01",5.29666666666667,5.32,6151.879,32.663,6.53333333333333,16.2161058894366
"1977-04-01",5.40333333333333,5.4,6268.879,33.126,6.26666666666667,16.3114572641832
"1977-07-01",5.53666666666667,5.52666666666667,6380.187,33.531,5.9,16.5120833457596
"1977-10-01",5.65,5.64333333333333,6373.154,34.254,5.73333333333333,16.4944240088749
"1978-01-01",5.76666666666667,5.79333333333333,6402.241,34.751,5.5,16.5942466883447
"1978-04-01",5.89,5.88666666666667,6636.139,35.418,5.06666666666667,16.6299621661302
"1978-07-01",6.01,6,6707.357,36.019,5,16.6856381354285
"1978-10-01",6.14666666666667,6.13666666666667,6805.616,36.757,4.83333333333333,16.7224383564128
"1979-01-01",6.31,6.33666666666667,6819.42,37.427,4.83333333333333,16.8594864669891
"1979-04-01",6.42666666666667,6.43,6835.154,38.341,4.83333333333333,16.7618650183007
"1979-07-01",6.55666666666667,6.54666666666667,6900.733,39.179,4.66666666666667,16.7351557381931
"1979-10-01",6.67,6.65,6917.062,39.907,4.9,16.713859723858
"1980-01-01",6.78666666666667,6.81333333333333,6940.239,40.745,5.03333333333333,16.6564404630425
"1980-04-01",6.93333333333333,6.93,6791.942,41.714,5.53333333333333,16.6211184094868
"1980-07-01",7.09333333333333,7.08333333333333,6778.881,42.646,6.53333333333333,16.6330566368085
"1980-10-01",7.30666666666667,7.28333333333333,6888.213,43.757,6.56666666666667,16.6982806560474
"1981-01-01",7.52333333333333,7.55333333333333,7026.353,44.911,6.33333333333333,16.7516495587569
"1981-04-01",7.68666666666667,7.68666666666667,6970.651,45.8,6.23333333333333,16.783114992722
"1981-07-01",7.85,7.84666666666667,7057.542,46.664,6.33333333333333,16.8223898508486
"1981-10-01",8.02,7.99,6990.346,47.472,6.56666666666667,16.8941691944725
"1982-01-01",8.14333333333333,8.17,6878.67,48.124,7.33333333333333,16.921563738121
"1982-04-01",8.24333333333333,8.24333333333333,6919.088,48.748,7.93333333333333,16.9100954569076
"1982-07-01",8.36666666666667,8.36333333333333,6879.868,49.439,8.46666666666667,16.9232117693858
"1982-10-01",8.44,8.41,6879.856,49.952,9,16.8962203715567
"1983-01-01",8.49,8.52,6968.801,50.331,9.6,16.8683316445133
"1983-04-01",8.59666666666667,8.60333333333333,7130.323,50.707,9.3,16.9536092978616
"1983-07-01",8.67,8.67,7272.82,51.246,8.8,16.9183936307224
"1983-10-01",8.75666666666667,8.72333333333333,7425.819,51.636,8.16666666666667,16.958452759057
"1984-01-01",8.87333333333333,8.90333333333333,7563.544,52.159,7.4,17.0120848431399
"1984-04-01",8.95333333333333,8.96666666666667,7693.366,52.606,6.9,17.0196048612959
"1984-07-01",9.02333333333333,9.02,7766.091,53.072,6.53333333333333,17.0020600944629
"1984-10-01",9.12,9.08,7821.249,53.467,6.56666666666667,17.0572502665195
"1985-01-01",9.22666666666667,9.25333333333333,7882.146,53.994,6.43333333333333,17.088318455137
"1985-04-01",9.32,9.33666666666667,7953.695,54.347,6.43333333333333,17.1490606657221
"1985-07-01",9.39333333333333,9.38666666666667,8064.748,54.673,6.46666666666667,17.1809363549345
"1985-10-01",9.44333333333333,9.40666666666667,8129.537,54.981,6.26666666666667,17.1756303692791
"1986-01-01",9.52333333333333,9.56,8198.904,55.252,6.06666666666667,17.2361784792104
"1986-04-01",9.56666666666667,9.58,8223.063,55.464,6.26666666666667,17.2484254050676
"1986-07-01",9.59,9.58,8305.315,55.697,6.26666666666667,17.218162558127
"1986-10-01",9.61,9.57666666666667,8338.152,56.003,6.16666666666667,17.1597950109816
"1987-01-01",9.65666666666667,9.68666666666667,8403.205,56.366,5.96666666666667,17.1320772569752
"1987-04-01",9.70333333333333,9.72,8499.673,56.759,5.7,17.0956735202053
"1987-07-01",9.73666666666667,9.73,8572.009,57.19,5.46666666666667,17.0251209418896
"1987-10-01",9.83,9.79333333333333,8721.613,57.646,5.23333333333333,17.052354022829
"1988-01-01",9.89,9.92,8775.398,58.098,5.03333333333333,17.0229612034838
"1988-04-01",9.95,9.95666666666667,8885.937,58.664,4.86666666666667,16.9609982271921
"1988-07-01",10.0366666666667,10.03,8932.772,59.366,4.83333333333333,16.9064223068198
"1988-10-01",10.1166666666667,10.0866666666667,9055.015,59.88,4.76666666666667,16.894900912937
"1989-01-01",10.2066666666667,10.2366666666667,9145.538,60.507,4.7,16.8685716804116
"1989-04-01",10.2766666666667,10.28,9213.172,61.153,4.5,16.8048446791926
"1989-07-01",10.33,10.3233333333333,9284.968,61.601,4.56666666666667,16.7692082920732
"1989-10-01",10.41,10.3833333333333,9313.068,62.042,4.63333333333333,16.7789561909674
"1990-01-01",10.4833333333333,10.5,9411.316,62.714,4.7,16.7160974157817
"1990-04-01",10.6733333333333,10.66,9447.76,63.419,4.66666666666667,16.8298669694151
"1990-07-01",10.7766666666667,10.7833333333333,9445.905,63.967,4.76666666666667,16.8472285188717
"1990-10-01",10.86,10.85,9395.226,64.45,5.13333333333333,16.8502715283165
"1991-01-01",10.9266666666667,10.96,9333.469,65.084,5.56666666666667,16.7885604244771
"1991-04-01",11.0066666666667,10.9966666666667,9388.478,65.564,6,16.787668029203
"1991-07-01",11.1333333333333,11.13,9430.024,66.077,6.16666666666667,16.8490296674082
"1991-10-01",11.2133333333333,11.1966666666667,9474.704,66.469,6.23333333333333,16.8700196081381
"1992-01-01",11.2566666666667,11.2833333333333,9586.727,66.716,6.46666666666667,16.8725143393889
"1992-04-01",11.3266666666667,11.32,9689.024,67.115,6.7,16.8765055005091
"1992-07-01",11.41,11.4033333333333,9780.022,67.442,6.9,16.918240858812
"1992-10-01",11.46,11.44,9883.046,67.905,6.8,16.8765186657831
"1993-01-01",11.5166666666667,11.5433333333333,9909.231,68.286,6.63333333333333,16.8653408702614
"1993-04-01",11.5933333333333,11.5933333333333,9956.877,68.692,6.36666666666667,16.8772685805237
"1993-07-01",11.6733333333333,11.66,10012.144,69.099,6.26666666666667,16.8936357014332
"1993-10-01",11.7566666666667,11.7366666666667,10125.07,69.475,6.1,16.9221542521291
"1994-01-01",11.87,11.9033333333333,10232.777,69.805,5.9,17.0045125707328
"1994-04-01",11.96,11.9633333333333,10364.303,70.142,5.76666666666667,17.0511248609963
"1994-07-01",12.0033333333333,11.9933333333333,10422.141,70.546,5.36666666666667,17.0149028057343
"1994-10-01",12.09,12.07,10539.433,70.93,5.23333333333333,17.0449739179473
"1995-01-01",12.1733333333333,12.21,10589.42,71.318,4.9,17.0690896173944
"1995-04-01",12.2433333333333,12.2533333333333,10624.266,71.663,4.8,17.084595025792
"1995-07-01",12.3266666666667,12.3033333333333,10694.689,72.017,4.9,17.1163290149085
"1995-10-01",12.4133333333333,12.3966666666667,10782.951,72.365,4.86666666666667,17.1537806029618
"1996-01-01",12.5133333333333,12.5533333333333,10872.421,72.714,4.86666666666667,17.2089739710831
"1996-04-01",12.5833333333333,12.5833333333333,11041.392,73.015,4.8,17.2339017096944
"1996-07-01",12.7566666666667,12.7266666666667,11135.535,73.254,4.73333333333333,17.4142936449432
"1996-10-01",12.8333333333333,12.8166666666667,11258.169,73.646,4.46666666666667,17.425703138437
"1997-01-01",12.94,12.9833333333333,11319.212,74.084,4.66666666666667,17.4666594676313
"1997-04-01",13.02,13.0233333333333,11516.945,74.234,4.46666666666667,17.5391330118275
"1997-07-01",13.0866666666667,13.0533333333333,11650.143,74.556,4.2,17.5528014736127
"1997-10-01",13.2133333333333,13.19,11740.681,74.802,4.13333333333333,17.6644118249958
"1998-01-01",13.34,13.3866666666667,11869.712,74.912,4.1,17.8075608714225
"1998-04-01",13.4066666666667,13.4066666666667,11975.231,75.09,3.93333333333333,17.8541305988369
"1998-07-01",13.4066666666667,13.3666666666667,12107.382,75.414,3.83333333333333,17.7774241741144
"1998-10-01",13.5,13.49,12306.035,75.623,3.83333333333333,17.8517117808074
"1999-01-01",13.5666666666667,13.6066666666667,12434.656,75.902,3.73333333333333,17.8739251490958
"1999-04-01",13.6833333333333,13.68,12536.319,76.179,3.66666666666667,17.9620805383811
"1999-07-01",13.8566666666667,13.8166666666667,12695.786,76.44,3.66666666666667,18.1275074132217
"1999-10-01",13.97,13.9666666666667,12923.768,76.85,3.56666666666667,18.1782693558881
"2000-01-01",14.0666666666667,14.1166666666667,12965.481,77.373,3.46666666666667,18.1803299169822
"2000-04-01",14.18,14.1766666666667,13205.975,77.84,3.4,18.2168550873587
"2000-07-01",14.2866666666667,14.25,13217.516,78.283,3.46666666666667,18.2500244838173
"2000-10-01",14.4133333333333,14.41,13330.887,78.697,3.4,18.3149717693601
"2001-01-01",14.5,14.56,13274.505,79.179,3.46666666666667,18.3129365109436
"2001-04-01",14.5866666666667,14.5833333333333,13362.782,79.657,3.73333333333333,18.3118453703587
"2001-07-01",14.75,14.7133333333333,13278.672,79.977,3.93333333333333,18.4428023056629
"2001-10-01",14.8766666666667,14.87,13393.874,80.241,4.46666666666667,18.5399816386469
"2002-01-01",15.0066666666667,15.07,13462.072,80.506,5.03333333333333,18.6404325971563
"2002-04-01",15.1466666666667,15.1366666666667,13519.534,80.795,5.16666666666667,18.7470346762382
"2002-07-01",15.27,15.2233333333333,13595.914,81.168,5.2,18.8128326434063
"2002-10-01",15.3866666666667,15.3866666666667,13635.313,81.628,5.13333333333333,18.8497411019095
"2003-01-01",15.53,15.5933333333333,13690.909,82.001,5.3,18.9387934293484
"2003-04-01",15.6333333333333,15.6233333333333,13823.092,82.241,5.33333333333333,19.0091722295854
"2003-07-01",15.7233333333333,15.6666666666667,14055.144,82.687,5.53333333333333,19.015484094638
"2003-10-01",15.8133333333333,15.8133333333333,14246.699,83.175,5.46666666666667,19.0121230337642
"2004-01-01",15.9233333333333,15.9766666666667,14343.272,83.795,5.16666666666667,19.0027249040317
"2004-04-01",16.0133333333333,16.01,14420.669,84.479,5.06666666666667,18.9554011450577
"2004-07-01",16.1,16.05,14567.478,85.031,5,18.9342710305653
"2004-10-01",16.2533333333333,16.26,14680.605,85.687,4.8,18.9682604517994
"2005-01-01",16.3433333333333,16.4,14879.87,86.366,4.73333333333333,18.9233417471381
"2005-04-01",16.4466666666667,16.4366666666667,14933.331,86.971,4.63333333333333,18.9105180654088
"2005-07-01",16.5466666666667,16.5033333333333,15075.575,87.758,4.46666666666667,18.8548812264029
"2005-10-01",16.6366666666667,16.6433333333333,15135.398,88.465,4.4,18.8059307824187
"2006-01-01",16.6866666666667,16.74,15337.163,89.082,4.3,18.7318051533044
"2006-04-01",16.7233333333333,16.71,15366.09,89.827,4.16666666666667,18.6172680077631
"2006-07-01",16.7766666666667,16.7333333333333,15374.468,90.456,4.13333333333333,18.5467704371923
"2006-10-01",16.8566666666667,16.8633333333333,15516.768,90.789,3.96666666666667,18.5668601555989
"2007-01-01",16.9733333333333,17.0366666666667,15554.96,91.68,4,18.5136707388016
"2007-04-01",17.1166666666667,17.1133333333333,15667.523,92.272,3.93333333333333,18.5502283105023
"2007-07-01",17.27,17.2366666666667,15813.506,92.747,4.03333333333333,18.6205483735323
"2007-10-01",17.36,17.3566666666667,15957.211,93.12,4.13333333333333,18.6426116838488
"2008-01-01",17.46,17.5033333333333,15847.877,93.468,4.33333333333333,18.6801900115548
"2008-04-01",17.61,17.6133333333333,15931.569,93.974,4.43333333333333,18.7392257432907
"2008-07-01",17.7466666666667,17.7066666666667,15864.097,94.68,4.93333333333333,18.7438388959301
"2008-10-01",17.8433333333333,17.8266666666667,15442.668,94.968,5.63333333333333,18.7887849942437
"2009-01-01",17.9866666666667,18.0233333333333,15281.315,94.963,6.7,18.9407102415327
"2009-04-01",18.1266666666667,18.1266666666667,15257.271,94.829,8.06666666666667,19.1151089504969
"2009-07-01",18.1966666666667,18.1633333333333,15370.646,94.933,8.76666666666667,19.1679043816867
"2009-10-01",18.3733333333333,18.3533333333333,15528.249,95.257,9.1,19.2881712979973
"2010-01-01",18.4233333333333,18.46,15619.326,95.493,9.16666666666667,19.292862653109
"2010-04-01",18.4833333333333,18.4933333333333,15762.241,95.934,9.23333333333333,19.2667180909097
"2010-07-01",18.5933333333333,18.5566666666667,15870.339,96.211,8.86666666666667,19.3255795421868
"2010-10-01",18.6966666666667,18.6766666666667,15963.636,96.753,8.8,19.3241208713597
"2011-01-01",18.8166666666667,18.86,15936.616,97.279,8.8,19.3429894084712
"2011-04-01",18.9066666666667,18.9166666666667,16049.711,97.924,8.43333333333333,19.3074901624389
"2011-07-01",18.9166666666667,18.8933333333333,16070.008,98.552,8.46666666666667,19.1946045404118
"2011-10-01",18.93,18.9033333333333,16270.304,98.702,8.33333333333333,19.1789426759336
"2012-01-01",18.9933333333333,19.04,16378.884,99.323,7.86666666666667,19.1227946531351
"2012-04-01",19.0366666666667,19.0633333333333,16427.383,99.714,7.6,19.0912676922665
"2012-07-01",19.0766666666667,19.0433333333333,16449.057,100.223,7.56666666666667,19.0342203552744
"2012-10-01",19.0666666666667,19.05,16461.908,100.736,7.26666666666667,18.92736128759
"2013-01-01",19.14,19.2033333333333,16594.788,101.138,7.26666666666667,18.9246376238407
"2013-04-01",19.2166666666667,19.2333333333333,16628.331,101.43,6.93333333333333,18.945742548227
"2013-07-01",19.2566666666667,19.2266666666667,16769.046,101.917,6.8,18.8944598709407
"2013-10-01",19.33,19.3133333333333,16897.175,102.514,6.66666666666667,18.8559611370154
"2014-01-01",19.44,19.4933333333333,16861.046,102.889,6.23333333333333,18.8941480624751
"2014-04-01",19.5,19.5133333333333,17060.932,103.528,6,18.835484120238
"2014-07-01",19.5466666666667,19.5233333333333,17285.426,104.015,5.63333333333333,18.7921613869794
"2014-10-01",19.6133333333333,19.5866666666667,17333.024,104.213,5.43333333333333,18.8204286733261
"2015-01-01",19.6433333333333,19.6833333333333,17483.265,104.115,5.23333333333333,18.8669580111735
"2015-04-01",19.7666666666667,19.7666666666667,17612.123,104.704,5.03333333333333,18.8786165444173
"2015-07-01",19.9,19.8633333333333,17652.519,105.082,4.9,18.9375915951352
"2015-10-01",20.04,20.0133333333333,17685.177,105.112,4.6,19.0653778826395
"2016-01-01",20.1133333333333,20.14,17723.266,105.022,4.6,19.1515428513391
"2016-04-01",20.2866666666667,20.2833333333333,17829.06,105.745,4.56666666666667,19.1845162103803
"2016-07-01",20.46,20.42,17898.399,106.141,4.43333333333333,19.2762457485797
"2016-10-01",20.56,20.56,18020.367,106.691,4.5,19.2706038934868
"2017-01-01",20.6133333333333,20.6466666666667,18087.558,107.23,4.33333333333333,19.2234760172837
"2017-04-01",20.6966666666667,20.7266666666667,18203.597,107.536,4.13333333333333,19.2462679164807
"2017-07-01",20.86,20.8133333333333,18364.143,108.053,4,19.3053408975225
"2017-10-01",21.0066666666667,21.0033333333333,18480.826,108.775,3.9,19.3120355473837
"2018-01-01",21.2133333333333,21.2666666666667,18581.496,109.301,3.7,19.4081786381948
"2018-04-01",21.3966666666667,21.4266666666667,18766.395,110.191,3.66666666666667,19.4177987917949
"2018-07-01",21.4566666666667,21.4066666666667,18908.024,110.605,3.56666666666667,19.3993641034914
"2018-10-01",21.62,21.61,NA,NA,3.43333333333333,NA
"2019-01-01",21.8133333333333,21.88,NA,NA,3.53333333333333,NA
